iteration,total_loss,policy_loss,value_loss,positions,positions_per_second,replay_size,black_wins,white_wins,draws
1,1.9850565725564957,1.53248508810997,0.42706556752324104,1044,2.134968483337579,1044,26,6,0
2,1.7931441628932954,1.3955655932426452,0.3936963829398155,989,2.343409310569197,2033,25,7,0
3,1.7217753916978835,1.3227427679300308,0.39847897440195085,1063,2.345862591357448,3096,25,7,0
4,1.7175853139162063,1.308053748011589,0.40944003745913504,1241,2.041827377264955,4337,27,5,0
5,1.7381676667928696,1.2954643398523331,0.44263997077941897,1159,2.130075748804586,5496,19,13,0
6,1.7145090866088868,1.2860092109441756,0.42849302276968954,1208,2.115841268349904,6704,24,8,0
7,1.7265119802951814,1.2879545485973358,0.4385395531356335,1282,1.8313944816317103,7986,22,10,0
8,1.7250859498977662,1.2877893072366715,0.4372779268026352,1239,2.151702062449773,9225,23,9,0
9,1.7080774182081222,1.2802440822124481,0.42783333390951156,1047,2.33153007241691,10272,25,7,0
10,1.7065836882591248,1.2849897301197053,0.4215939584374428,1146,1.932634447575756,11418,26,6,0
11,1.687024792432785,1.275054423213005,0.4119703729450703,1045,2.142614409218109,12463,23,9,0
12,1.6873157346248626,1.2709382855892182,0.41637745007872584,1201,2.0395111278430043,13664,23,9,0
13,1.6851776856184006,1.2664698964357377,0.41870778903365136,1176,2.119485761875359,14840,22,10,0
14,1.6761993724107742,1.2609467613697052,0.4152526119351387,1145,2.129509641891982,15985,25,7,0
15,1.6753416442871094,1.2617102313041686,0.41363141268491743,1261,2.0621625615566432,17246,23,9,0
16,1.6681152254343032,1.2608322292566299,0.40728299573063853,1011,2.2817826511102184,18257,25,7,0
17,1.6773146098852159,1.2635998243093491,0.41371478259563443,1211,2.1479536750200627,19468,21,11,0
18,1.6636576133966445,1.259210175871849,0.4044474394619465,1072,2.1293633894532666,20540,24,8,0
19,1.6638172298669816,1.2610714721679688,0.4027457603812218,1048,2.1160936429265127,21588,28,4,0
20,1.6479420059919356,1.2477833342552185,0.400158674120903,1075,2.2081744060092436,22663,21,11,0
21,1.6550819677114488,1.2476211184263228,0.4074608473479748,1080,1.9743622852867138,23743,26,6,0
22,1.645400692820549,1.24381487429142,0.4015858183801174,972,2.4534644607004568,24715,22,10,0
23,1.6427960366010665,1.2425727438926697,0.40022329077124597,1095,2.2581577810502407,25810,25,7,0
24,1.6323471301794052,1.2373422360420228,0.395004892796278,1133,1.99833813695796,26943,25,7,0
25,1.6259999334812165,1.2317752158641815,0.39422472029924394,1015,2.099700535164773,27958,25,7,0
26,1.6347419744729996,1.2361442995071412,0.39859767362475396,1169,1.9626398988479523,29127,23,9,0
27,1.648737998008728,1.2445064336061478,0.4042315627634525,1058,2.1130600207765475,30185,20,12,0
28,1.648783757686615,1.243446066379547,0.40533769115805623,1033,2.0839744032367404,31218,25,7,0
29,1.6285021585226058,1.2284716707468033,0.40003048583865164,1036,2.173638830542453,32254,26,6,0
30,1.624313336610794,1.2285369849205017,0.3957763569056988,994,2.1768272595652793,33248,30,2,0
31,1.64013680934906,1.2347103989124297,0.4054264149069786,1169,2.1192949971324366,34417,23,9,0
32,1.6393641579151152,1.235420616865158,0.40394353851675985,1094,2.072825838989401,35511,22,10,0
33,1.6280460423231125,1.2274927532672881,0.4005532896518707,1125,2.1615178472044274,36636,23,9,0
34,1.6265831452608108,1.2288371282815933,0.3977460163831711,1000,2.2009737289717917,37636,26,6,0
35,1.625563315153122,1.2223923325538635,0.4031709837913513,966,2.2622005779762078,38602,26,6,0
36,1.6249232417345048,1.221211963891983,0.4037112782895565,965,2.387370548706202,39567,25,7,0
37,1.6158174401521683,1.220488572716713,0.3953288684785366,930,2.596882116215943,40497,26,6,0
38,1.6103873556852342,1.2147398883104323,0.395647464543581,913,2.3227799953976467,41410,27,5,0
39,1.6103739839792253,1.2154797166585922,0.39489426791667936,1064,2.151884103577643,42474,24,8,0
40,1.6138953602313995,1.2152752447128297,0.39862011551856996,1033,2.469479253681446,43507,23,9,0
41,1.6118044358491899,1.2197527551651002,0.39205167561769483,985,2.427063797560551,44492,25,7,0
42,1.6197199875116348,1.2187567204236984,0.4009632632136345,1021,2.3284459376992146,45513,27,5,0
43,1.6088927626609801,1.2164361613988877,0.3924566024541855,1022,2.1738972894187536,46535,28,4,0
44,1.6048181372880936,1.2095200848579406,0.39529804795980455,978,2.3987854568503755,47513,26,6,0
45,1.61162433385849,1.211782539486885,0.399841793179512,1206,2.1026191042622275,48719,26,6,0
46,1.6040027689933778,1.2099862307310105,0.39401653826236727,1119,2.1843121278527944,49838,23,9,0
47,1.6105934637784958,1.213455187678337,0.3971382786333561,1019,2.3195015248219324,50857,29,3,0
48,1.603142613172531,1.2117771416902543,0.39136546954512597,950,2.297124878529638,51807,24,8,0
49,1.6011099457740783,1.2090195059776305,0.3920904353260994,1041,2.207873756534768,52848,29,3,0
50,1.5879344069957733,1.202728990316391,0.38520541697740557,871,2.564952235423358,53719,27,5,0
51,1.5979575490951539,1.2103965944051742,0.3875609557330608,1145,1.9728529505287558,54864,21,11,0
52,1.5981170237064362,1.2092265802621842,0.38889044255018235,1058,2.1173116608199374,55922,24,8,0
53,1.5905801129341126,1.2051673930883409,0.3854127208888531,1038,2.2653125309612334,56960,28,4,0
54,1.5887015599012375,1.202951146364212,0.38575041592121123,956,2.526071494371622,57916,24,8,0
55,1.5896972650289536,1.2030227315425872,0.3866745312511921,1056,2.2869117709994775,58972,24,8,0
56,1.5908110111951828,1.2027674055099487,0.3880436074733734,1058,2.2226394321164102,60030,22,10,0
57,1.592236909866333,1.206804485321045,0.38543242439627645,1158,2.3182630705225966,61188,22,10,0
58,1.5915869212150573,1.2051547557115554,0.38643216624855997,1179,2.0104951687766395,62367,27,5,0
59,1.5945355600118638,1.2053999555110932,0.3891356000304222,1194,1.924103761026576,63561,26,6,0
60,1.5851045751571655,1.1978218603134154,0.3872827123105526,1009,2.092594117327421,64570,29,3,0
61,1.5836479878425598,1.2032901960611344,0.38035779058933256,996,2.440185623005997,65566,26,6,0
62,1.5894421118497848,1.2042344260215758,0.3852076885104179,1006,2.3900582980760423,66572,28,4,0
63,1.5855036443471908,1.2015063184499741,0.3839973229169846,929,2.4452231766220742,67501,25,7,0
64,1.5925128090381622,1.205342948436737,0.3871698625385761,1045,2.2836053996551384,68546,27,5,0
65,1.5856892049312592,1.2004090142250061,0.385280192643404,937,2.594942953983025,69483,25,7,0
66,1.5735750472545624,1.1936976933479309,0.3798773527145386,1019,2.2943766810768516,70502,25,7,0
67,1.577143229842186,1.1961257940530776,0.3810174357891083,1099,2.178142760995843,71601,27,5,0
68,1.5773915731906891,1.196660162806511,0.38073140770196917,1171,2.096057804901039,72772,23,9,0
69,1.5790730541944504,1.1983295786380768,0.38074347212910653,1006,2.1435030854826964,73778,28,4,0
70,1.583652501106262,1.1962947452068329,0.38735776394605637,957,2.074860427758095,74735,27,5,0
71,1.5819863593578338,1.195807678103447,0.386178679689765,1054,2.178884684396933,75789,28,4,0
72,1.576250268816948,1.1929201036691666,0.3833301632106304,1039,2.2495346656668205,76828,25,7,0
73,1.585948126912117,1.1993645441532135,0.38658358082175254,1135,1.957541381934926,77963,21,11,0
74,1.5820540690422058,1.1958074486255645,0.38624661982059477,1109,2.161754051887918,79072,29,3,0
75,1.5974518477916717,1.207454479932785,0.38999736204743385,1012,2.0278542867579112,80084,24,8,0
76,1.5894710278511048,1.1992304420471191,0.39024058148264884,1030,2.31129055617458,81114,24,8,0
77,1.5806422859430314,1.1962752693891525,0.38436701253056527,920,2.486002299070736,82034,28,4,0
78,1.5912490206956864,1.2021621191501617,0.3890868978202343,959,2.274891459264308,82993,25,7,0
79,1.575632957816124,1.1920525431632996,0.38358041405677795,1025,2.053583470376866,84018,25,7,0
80,1.5915674310922623,1.1969855368137359,0.39458189368247987,893,2.489108873437463,84911,23,9,0
81,1.5882158368825912,1.1980205380916595,0.39019529804587366,1122,2.303299068236729,86033,24,8,0
82,1.593497319817543,1.1988147765398025,0.3946825437247753,1099,2.1332436752437127,87132,21,11,0
83,1.5944801205396653,1.2012077021598815,0.3932724170386791,1071,2.072304359777488,88203,27,5,0
84,1.5915269786119461,1.202964547276497,0.38856243386864664,975,2.1543368980706235,89178,27,5,0
85,1.5869966268539428,1.1969059532880784,0.39009067580103873,1080,2.2552859878248976,90258,28,4,0
86,1.579661335349083,1.1914816498756409,0.3881796835362911,1091,2.144222003295683,91349,27,5,0
87,1.5833073234558106,1.193908623456955,0.3893987008929253,1059,2.2047550058039245,92408,29,3,0
88,1.5867800855636596,1.1943572342395783,0.3924228495359421,920,2.2097488385854533,93328,28,4,0
89,1.5812943160533905,1.1905454313755035,0.39074888214468956,947,2.2768139691722684,94275,25,7,0
90,1.5881016266345978,1.1988840347528458,0.3892175892740488,865,2.683114358252855,95140,29,3,0
91,1.5784762871265412,1.1920183688402175,0.38645791709423066,1163,2.1477378129585287,96303,21,11,0
92,1.585036517381668,1.1894686275720596,0.3955678905546665,979,2.324419561422075,97282,23,9,0
93,1.580136644244194,1.1905383521318436,0.3895982921123505,1078,2.1796010704136477,98360,26,6,0
94,1.5878992617130279,1.197711256146431,0.3901880057156086,967,2.39988413698608,99327,31,1,0
95,1.5792396622896194,1.1900456422567367,0.38919402241706846,1061,2.394468293725646,100388,25,7,0
96,1.5838326275348664,1.1961844182014465,0.3876482054591179,1193,2.069986162845153,101581,23,9,0
97,1.5866493856906891,1.1931813114881515,0.3934680722653866,1114,2.2278953675990336,102695,26,6,0
98,1.587022259235382,1.1925232571363449,0.3944989991188049,1015,2.3873701055791408,103710,27,5,0
99,1.5824619233608246,1.1904350578784944,0.3920268650352955,856,2.691130899287992,104566,30,2,0
100,1.5922816890478133,1.2000942647457122,0.392187427431345,919,2.4279861762352732,105485,27,5,0
